variable,baseMean,log_fc,lfcSE,stat,p_value,adj_p_value,contrast
LAMC2,55.645191213288925,2.1976074391870166,0.4509096425852804,4.873720212739482,1.0951606404518248e-06,0.0003335514915969,Th1
RORA,4929.208148137833,1.0254791969319133,0.2131874691195285,4.810222670062068,1.5076224949108554e-06,0.000434572184158,Th1
CYSLTR2,751.2035166779468,-1.1394450082358591,0.2406464933981111,-4.734932938959679,2.191275408511254e-06,0.0005944801284737,Th1
CPD,5043.9860954315045,0.5117589742770762,0.1098060213158664,4.660572964436597,3.153303503041092e-06,0.0008014543084107,Th1
MYL9,521.5903585124636,-1.343357121996358,0.2956608543387709,-4.543574512089879,5.53082423036679e-06,0.0012614970181631,Th1
MAP6,242.79704405385047,0.8554885175486022,0.2394217660645757,3.5731442951509416,0.0003527202668417,0.0335411519726582,Th1
CHST2,1845.8409456692216,-1.2798741649602912,0.3668463584202546,-3.4888561262316893,0.0004850921672732,0.0416299584942642,Th1
MAN1C1,2312.92782318018,-2.738288709907729,0.785156217031537,-3.487571836672779,0.0004874279615546,0.0416299584942642,Th1
ADGRV1,254.82966969751445,-3.443166201450944,1.0102087601195289,-3.4083709599227245,0.0006535198610639,0.0497549389238835,Th1
MEIS1,23.45581652789768,1.277617103768368,0.4757973791372847,2.6852125711262675,0.0072483689625251,0.2649470377135585,Th1
LYSMD2,4946.281519002226,0.3888822224963413,0.1558167596964785,2.4957663299754147,0.0125685365053145,0.3826144578383551,Th1
BFSP2,125.72684821132194,-0.7641859923813829,0.3118728820535125,-2.45031240725271,0.0142732315461863,0.4114258993188216,Th1
NRP2,2781.0481020349043,-0.8537443556350023,0.3618974088716839,-2.3590783871506247,0.0183203854528203,0.4694925257238689,Th1
CCL5,49195.60902650195,0.6390260111091995,0.2946575955966019,2.1687070710508745,0.0301049302119887,0.6347124730651023,Th1
DOC2B,3.373935468193645,4.703976671959813,2.298787128965968,2.046286327553843,0.0407282080932389,,Th1
PER2,1808.7871237495715,-0.3251743175596401,0.1684656066035648,-1.930211893783424,0.0535805884547698,0.8744870938696361,Th1
SH2B2,72.81099435704145,0.8203533666747134,0.4269484987766229,1.921434011421405,0.0546770141389908,0.8825890676623656,Th1
STEAP1,47.65616452911869,1.114329586741209,0.5922245169211521,1.8815998914303125,0.0598903609886639,0.9071078649580228,Th1
NPPC,10.206651235948016,-1.4849066988182953,0.8334846332821095,-1.7815645778267144,0.0748202651682794,0.9845108786194142,Th1
SPTB,2.675915129167567,2.5185345634077745,1.442148160278274,1.746377128770045,0.0807454414923774,,Th1
CREB3L3,77.88513039404292,0.7243811218219279,0.4222381647111914,1.7155747214783406,0.0862399084547463,0.9998724362712248,Th1
KCNMB1,248.80713472632252,-1.3605992861080736,0.7935466547761298,-1.7145800790905192,0.0864222436538113,0.9998724362712248,Th1
LIX1L,18048.760397429924,-0.1579241157524901,0.0936662390943156,-1.686030284545438,0.0917899664107002,0.9998724362712248,Th1
FLT4,27.122827400512826,0.9001308961798207,0.5794480203203045,1.5534282016914145,0.12032086976544,0.9998724362712248,Th1
DARS1,17459.079586154876,0.1288569048510125,0.0838769149718661,1.5362618533863988,0.1244741712880111,0.9998724362712248,Th1
FAM81A,248.1949100290922,-0.4546776908476596,0.2959799805084524,-1.5361771768029262,0.1244949320040213,0.9998724362712248,Th1
ETNK2,9.420609924833483,-1.027748800059481,0.6770327635677255,-1.5180192973876256,0.1290095339811053,0.9998724362712248,Th1
HYI,1776.6437225743475,-0.3870108956749798,0.2634224642847018,-1.4691643581950018,0.1417882150069721,0.9998724362712248,Th1
SNPH,531.6051529114395,-0.2804675374706196,0.1916118173466034,-1.4637277666611064,0.1432683456340176,0.9998724362712248,Th1
VCAN,34.70714870906686,0.827114482460831,0.5816391783239027,1.42204052492528,0.1550144868125529,0.9998724362712248,Th1
RANGRF,8523.15781084869,-0.1232857497638338,0.0889818491706581,-1.385515708123623,0.1658948327249677,0.9998724362712248,Th1
MAT2A,27569.84201686622,-0.1868532748332832,0.1373458618255996,-1.3604579879556002,0.1736850389291729,0.9998724362712248,Th1
CDHR1,7.688354593339037,1.2260709494712632,0.9161857360013546,1.338234051560753,0.1808201521577759,0.9998724362712248,Th1
PIGP,3518.9892290648604,-0.1366090007424158,0.1043551104251817,-1.3090782060008348,0.1905078608398088,0.9998724362712248,Th1
IL5RA,27.982253742673077,-1.297763622933222,1.006347012303144,-1.2895786513671232,0.1971969919995966,0.9998724362712248,Th1
IL1RL1,13.632363988510471,0.9897081023344484,0.8135431188474003,1.2165404382457718,0.2237791163335075,0.9998724362712248,Th1
GLIPR2,6009.520759697855,-0.4835123865897043,0.3975644681295464,-1.2161861165926724,0.2239140312003718,0.9998724362712248,Th1
PABIR3,1618.0437944972157,0.1795117296653433,0.1600557039364596,1.12155784049163,0.2620504856695564,0.9998724362712248,Th1
TRIL,2.1455347814478363,1.5162829264252369,1.3666093176569254,1.1095218705408283,0.2672051149495446,,Th1
TMEM74B,5.169462390195807,0.9985699581638792,0.924481237328744,1.080140859374509,0.2800794592835396,0.9998724362712248,Th1
TEAD2,1.1781964864287788,2.217894127045021,2.1248534472349547,1.0437868691279104,0.2965840080752443,,Th1
MAMDC2,34.80161082973122,0.7002540377846647,0.6846197709697445,1.0228364231911893,0.3063851934866883,0.9998724362712248,Th1
TXNL4B,4381.766766891323,0.1094174844761609,0.1083759183422038,1.0096106787364725,0.3126818513867975,0.9998724362712248,Th1
C6orf141,10.362221282765644,0.7807793645054178,0.7950030708024705,0.982108614646362,0.3260463419023234,0.9998724362712248,Th1
SPTBN1,7935.094396448746,0.1707965496038056,0.1774684219335182,0.9624052986045486,0.3358460531022899,0.9998724362712248,Th1
ZNF563,273.45054127703816,0.2993456424119334,0.3126630444698566,0.9574065362265508,0.3383621006525023,0.9998724362712248,Th1
ZBTB17,3206.758362498696,0.099573213428641,0.1060384573839392,0.9390292530200702,0.3477157253216212,0.9998724362712248,Th1
ABCA6,14.825560542363853,0.5414456024010432,0.5817845280521071,0.9306634609446832,0.3520276762070822,0.9998724362712248,Th1
SLC27A3,703.878169481087,0.237903288888329,0.2558122502619191,0.9299917757837884,0.3523753426859788,0.9998724362712248,Th1
CYP1A1,434.3078292371615,-0.284485240418961,0.3193688068334321,-0.8907734078342073,0.373050743958419,0.9998724362712248,Th1
CENPJ,6713.222901798557,-0.1100619919835091,0.1255642922223256,-0.8765389430032554,0.3807371152899469,0.9998724362712248,Th1
BTBD17,2.5180211923109685,1.0494955822219345,1.21025741871879,0.8671672373080415,0.3858503845763442,,Th1
SH3BP1,25052.49715963622,0.1386525805914892,0.1618701012005412,0.8565669605637191,0.3916842517516974,0.9998724362712248,Th1
HAP1,15.188316749026653,-0.5884763152691967,0.6967537796087524,-0.8445972343338322,0.3983357537418723,0.9998724362712248,Th1
PPIL6,11.383131632059133,-0.5829424093625203,0.704898299522301,-0.8269879637354376,0.4082438836214647,0.9998724362712248,Th1
METAP1D,393.3479986747406,-0.1704704518595906,0.2063901550581564,-0.8259621289181919,0.4088255750690099,0.9998724362712248,Th1
GBGT1,319.3542323439334,-0.3186797245980248,0.3950834372092601,-0.8066137291127006,0.4198890614381589,0.9998724362712248,Th1
TBC1D28,1.523781011748963,1.1677490631597771,1.455419730030583,0.8023452197774174,0.422353291551808,,Th1
NAB1,5254.291873271222,0.1215875654890736,0.1526112074199511,0.7967145240813966,0.4256168467955447,0.9998724362712248,Th1
SLC2A8,970.5862232094314,0.0903649545869431,0.1139351762444565,0.7931260350452112,0.4277043956003944,0.9998724362712248,Th1
PLTP,321.47619653644205,-0.4066066611698818,0.51506147911426,-0.7894332573057383,0.4298588244328469,0.9998724362712248,Th1
SF3B2,10746.871413780951,0.0618845267369904,0.0801778756452065,0.7718404390113102,0.4402089373858251,0.9998724362712248,Th1
PTPN6,18756.92461188833,-0.1593885504760477,0.207960553118683,-0.7664364615585759,0.4434166446059526,0.9998724362712248,Th1
ADM2,288.32569548331804,0.2442957345418628,0.3190406842394306,0.7657196922212156,0.443843107308137,0.9998724362712248,Th1
OR2L5,10.131354210140056,0.4787297877886317,0.6353663334628254,0.7534704981604785,0.4511672330292355,0.9998724362712248,Th1
GARIN4,12.069703350746352,0.6439365243807486,0.8575925827654497,0.7508653145113129,0.452733716714105,0.9998724362712248,Th1
CDK14,56.056889278381895,0.4903670077752809,0.6578125590622149,0.7454509662666728,0.4559991430120339,0.9998724362712248,Th1
SRSF2,23710.52121297037,-0.1040090550396656,0.1399609050013354,-0.7431293405731639,0.457403377493413,0.9998724362712248,Th1
ATF3,2763.2254966958444,0.2133608409730239,0.2875897916916064,0.7418929570414617,0.4581521933540461,0.9998724362712248,Th1
SMTNL2,5.327121598722464,-0.6986273551119981,0.9740794483011872,-0.7172180424609279,0.4732395681973034,0.9998724362712248,Th1
SANBR,1248.266445131579,-0.1367184863077007,0.192147305359376,-0.7115295530790512,0.4767561440676787,0.9998724362712248,Th1
SEC61G,10080.43771957988,-0.0944451630192112,0.1333096844928203,-0.7084643803526351,0.4786569244494779,0.9998724362712248,Th1
GOT1,4570.901773204206,0.1082269802143436,0.1545356136815253,0.7003368196885876,0.4837169827000803,0.9998724362712248,Th1
CRACR2B,339.0974519901924,-0.2018558922272892,0.2928357446586404,-0.6893143883872282,0.4906254453057909,0.9998724362712248,Th1
RBM17,26842.332925482307,-0.1078837342419309,0.1604481015544671,-0.67239021962069,0.5013353075295831,0.9998724362712248,Th1
PRMT3,5418.975925449806,0.0889030421232794,0.1375596945676589,0.6462869985477641,0.5180935063043441,0.9998724362712248,Th1
FIBP,17153.321204858923,-0.0522323159734595,0.0821155216617714,-0.636083348390589,0.5247220981756762,0.9998724362712248,Th1
CYB5R4,13403.284819592747,-0.0645096501340281,0.1019493567901593,-0.6327617178282674,0.5268892595591477,0.9998724362712248,Th1
RNASEL,1313.4399964204024,0.1260636604466211,0.2009523517889764,0.6273311027432152,0.5304422195973426,0.9998724362712248,Th1
PLAAT2,40.86116714850404,-0.3027448989422954,0.4865573184645718,-0.6222183645241779,0.5337982920089621,0.9998724362712248,Th1
NDUFS6,8947.807899071842,0.069221523270958,0.1115796529788502,0.6203776532991985,0.5350091812322522,0.9998724362712248,Th1
PYCR3,988.1685647238384,-0.0964003661068829,0.157707157538005,-0.6112618324482317,0.5410262545374629,0.9998724362712248,Th1
QTRT2,3261.594829402544,-0.0614336820802287,0.1012176841708685,-0.6069461338052425,0.5438866604717737,0.9998724362712248,Th1
ELAVL3,1.5275953315836708,-0.8571770776543839,1.4127114962564864,-0.606760177096172,0.5440100797308983,,Th1
TAF1B,2292.795754981784,-0.0748581231276077,0.1248845780653432,-0.5994184733397568,0.5488938610796127,0.9998724362712248,Th1
AMN,11.4957042452009,0.3617673606680689,0.6064530334192537,0.5965298889320115,0.5508212928371259,0.9998724362712248,Th1
RBM3,20622.118099554373,-0.1028489321415938,0.1728619690228725,-0.5949772105626377,0.5518587045323575,0.9998724362712248,Th1
C6orf136,4141.828848967562,0.0317560288495719,0.055079283581653,0.576551232778741,0.5642426510490921,0.9998724362712248,Th1
TAF1D,19008.729001556727,-0.0654997510191147,0.1140363271316006,-0.5743761892955955,0.5657132620050536,0.9998724362712248,Th1
DMWD,4216.432734971927,-0.0680910026340384,0.1200514144993031,-0.5671820104579747,0.570590528932989,0.9998724362712248,Th1
CD274,1875.232863354031,0.083432871739575,0.1514665880816877,0.5508335058988635,0.5817478132103228,0.9998724362712248,Th1
CEACAM19,73.03832804841028,-0.2166601125392079,0.4061679334675025,-0.5334249572327276,0.5937394451429664,0.9998724362712248,Th1
PRR33,1.5354563538063966,0.8821586127001682,1.6554959300894443,0.5328666755783001,0.594125874857117,,Th1
GALNT14,45.90823848378698,0.2654853450887373,0.4986946784196029,0.5323604934587998,0.5944763418564738,0.9998724362712248,Th1
AP3M2,7259.254252963399,-0.0685157773862889,0.1324124698256923,-0.5174420315283227,0.6048476251278501,0.9998724362712248,Th1
GPR174,2985.6794506314923,0.1364410459832033,0.2647703097058682,0.5153185269706972,0.6063304545438155,0.9998724362712248,Th1
EPB41L4B,111.03275446301832,0.398184745529665,0.7817032200267445,0.5093809713564208,0.6104852116450702,0.9998724362712248,Th1
POU3F1,34.48437497305583,0.3035480735994908,0.5983177720089317,0.5073358803638537,0.6119191670699058,0.9998724362712248,Th1
EMC9,7613.15769930029,-0.0360507881295701,0.0719264684073968,-0.5012172699120413,0.6162182213876543,0.9998724362712248,Th1
UMAD1,2483.790927310972,0.0951837677466903,0.1902443910189526,0.5003236481080164,0.616847205340233,0.9998724362712248,Th1
SMCR8,5130.052358516668,-0.0672952803347495,0.137062606949274,-0.4909820543516666,0.6234391401648737,0.9998724362712248,Th1
GFPT1,7815.144920158084,-0.0653474764889777,0.1359127672337864,-0.4808045470560698,0.630655418246324,0.9998724362712248,Th1
TCF7,2732.2475072706616,0.3481523358984849,0.7333015068618433,0.4747737903722569,0.6349482161931825,0.9998724362712248,Th1
FANCC,3633.6834189248784,0.0502118967573644,0.1057723014681413,0.4747168782414013,0.6349887860600432,0.9998724362712248,Th1
ETV4,783.9701251468335,-0.2655396097272631,0.5677224329019468,-0.4677278795730191,0.6399792011606806,0.9998724362712248,Th1
GPR148,7.083300722775871,-0.4179222057040787,0.8978064545744314,-0.465492538591937,0.6415787789640782,0.9998724362712248,Th1
SMPD4,8353.714023219813,0.0513359270860276,0.1163068318835436,0.4413835907544071,0.6589353196556031,0.9998724362712248,Th1
MYO18A,6215.650317922443,0.0769441302820697,0.1775297665008096,0.4334153747772707,0.664713032944762,0.9998724362712248,Th1
RPAIN,14583.481539500644,0.0383059340107712,0.0884410688949789,0.4331238245916998,0.6649248153856753,0.9998724362712248,Th1
DOP1B,950.9355988096594,-0.0907425286934064,0.2115781763561793,-0.4288841611936704,0.6680075272820654,0.9998724362712248,Th1
CSDE1,16164.605907639709,0.0527199213073946,0.1233487449627591,0.4274054131909616,0.6690840653277225,0.9998724362712248,Th1
MRGPRX2,2.016266386685845,0.931443911439004,2.1995594157902363,0.423468402241075,0.671953547628295,,Th1
PITRM1,10666.572602004326,0.0527587678215103,0.1269341524095706,0.4156388711784746,0.6776742782830069,0.9998724362712248,Th1
TTC13,3500.6620634483743,0.0881860234235593,0.2132480706638637,0.4135372627242394,0.6792130274304662,0.9998724362712248,Th1
B3GALT5,1.2870492393796376,1.3662580421697677,3.3900965589475187,0.4030144918922111,0.6869375635090356,,Th1
AHCY,8964.124368427567,0.0800023200842361,0.1999695511357942,0.4000725091887042,0.6891031116156805,0.9998724362712248,Th1
PLBD1,4.082178539789228,-0.4753301822320881,1.2028883229858396,-0.3951573667721801,0.6927267540218233,,Th1
GPR176,25.74334678999041,0.2485495525386064,0.6412994848434077,0.3875717327284258,0.6983329909361932,0.9998724362712248,Th1
CRHR1,1.120195191396976,0.6681892121673364,1.7332634075692483,0.3855093283855879,0.6998600965141935,,Th1
TMEM186,2742.7258186728805,0.0253506188227746,0.0661825037140944,0.383041096968592,0.7016892926131024,0.9998724362712248,Th1
RABIF,4573.583620430241,-0.0606864835670234,0.1625388588249227,-0.3733660000184407,0.7088760609364163,0.9998724362712248,Th1
CAMLG,8764.014818180889,-0.0231468503197301,0.0633378857155182,-0.3654503155298562,0.7147752881930101,0.9998724362712248,Th1
GPT2,1058.4475186050374,0.1171366380387306,0.3246283390477928,0.3608330633804752,0.7182242445780039,0.9998724362712248,Th1
THAP7,3325.120674226157,-0.0376390645156224,0.1059477390423692,-0.3552606677200569,0.7223943186658582,0.9998724362712248,Th1
CYP26A1,4.74360231763924,-0.4361667234517807,1.2375458226001326,-0.3524449078866245,0.7245046281440948,,Th1
ACTN3,8.526172698159925,-0.2419483480519609,0.6935529033641783,-0.3488534859826201,0.7271993067565126,0.9998724362712248,Th1
ZNF264,3830.221610071421,0.0598882343861612,0.1717649489634236,0.348663884847159,0.7273416604719689,0.9998724362712248,Th1
EXOSC2,5980.41164324915,-0.0474038805122965,0.1381856667236541,-0.3430448442029491,0.7315647239776026,0.9998724362712248,Th1
SNAPIN,6468.736126743597,-0.0626011148293072,0.1914012769531825,-0.3270673833833393,0.7436169205979953,0.9998724362712248,Th1
ATP6V0C,8979.757051355724,0.0286321706699942,0.0882051066809612,0.3246089908780125,0.7454770217023093,0.9998724362712248,Th1
OPRL1,80.11947794983621,0.1269246041980652,0.3962987569516839,0.320275050001077,0.7487598350383411,0.9998724362712248,Th1
TUT1,3107.1567470639607,-0.035662436814873,0.112758080188178,-0.3162738914617667,0.7517946264135852,0.9998724362712248,Th1
CD300A,3922.5670417365895,0.1676136502400032,0.5351073577465759,0.3132336863126898,0.7541031272446599,0.9998724362712248,Th1
MIA3,7800.267218274662,0.0489506150848693,0.1638148825539667,0.2988166540286301,0.7650799431183368,0.9998724362712248,Th1
PPME1,5056.48304538386,-0.0490188833495405,0.1678909739314601,-0.2919685448340543,0.7703106741981143,0.9998724362712248,Th1
C4orf48,4847.619080594998,0.059056047622683,0.2047488565158565,0.2884316358470579,0.7730163542927225,0.9998724362712248,Th1
PTPRC,29489.125315981764,0.0477475497431032,0.1679755333003879,0.2842530028329606,0.7762164994821588,0.9998724362712248,Th1
ZNF567,2362.2993458608425,0.0420911364384569,0.1483043606405617,0.2838159057269476,0.7765514645446764,0.9998724362712248,Th1
ENKUR,2.0621056685842034,0.4292700190846089,1.53780021972937,0.2791455051034874,0.780133162479173,,Th1
DUSP18,2177.946129221892,0.0552859137733191,0.2015835769413458,0.2742580254412568,0.7838863390198167,0.9998724362712248,Th1
THOC1,5697.994079986174,-0.0267169727955044,0.098746357878357,-0.2705616021647737,0.7867282316151787,0.9998724362712248,Th1
USF1,5624.021092144207,-0.0403825872914622,0.1500257365011099,-0.269171065133638,0.7877980454845678,0.9998724362712248,Th1
DNAJC2,8933.061804949511,-0.0322363027061782,0.1217729528709347,-0.2647246531037562,0.791221584404838,0.9998724362712248,Th1
GAL3ST4,123.10612846519275,-0.0685285165815816,0.2737346359619239,-0.2503465311971475,0.8023193751165025,0.9998724362712248,Th1
ATM,7798.724134034461,0.0660683494126531,0.2648979159095433,0.2494106047826137,0.8030431828677703,0.9998724362712248,Th1
ZNF808,1625.381128526146,0.0337484765465963,0.1433134617460376,0.2354871352308913,0.8138306627396998,0.9998724362712248,Th1
OPCML,2.341280651575841,-0.5926286935389284,2.533267470349178,-0.2339384610884543,0.8150327539039224,,Th1
HSPA9,16177.741070841956,-0.0462190817841199,0.1980857592768429,-0.2333286448902395,0.8155062169718419,0.9998724362712248,Th1
BAALC,1.2703451052171848,-0.5468764288898069,2.562188884241567,-0.2134411058658884,0.8309829212673933,,Th1
GBP2,19463.76005537866,0.0372984926505062,0.178925050701326,0.2084587513280486,0.8348707868006549,0.9998724362712248,Th1
SMPDL3A,91.08600746479271,0.0905364416238304,0.4385760938872172,0.2064326872479111,0.8364529399224494,0.9998724362712248,Th1
SEC14L5,2.1295125538864004,0.2523678889094405,1.2374073824044676,0.2039489116503022,0.8383934222990592,,Th1
OAS3,43356.34370970976,-0.0411494054241347,0.2104355239642901,-0.1955440063015103,0.8449670905024232,0.9998724362712248,Th1
PSD3,132.8801276910344,0.0733353608361407,0.3969088089312294,0.1847662717126723,0.853412363598071,0.9998724362712248,Th1
BUD23,9048.832859840171,-0.0273049525000636,0.1497778971911642,-0.1823029499820914,0.855344983727877,0.9998724362712248,Th1
GBE1,5441.305327426057,0.0349240079605832,0.19437282620693,0.1796753622515267,0.8574074367140142,0.9998724362712248,Th1
NDUFAF4,6052.068657483406,-0.0349239190499839,0.1974592353208722,-0.1768664757221025,0.8596132719317323,0.9998724362712248,Th1
RNF144A,2935.1823704718954,-0.0698121990644333,0.4024492404424306,-0.1734683335162606,0.8622833167106367,0.9998724362712248,Th1
APRT,14464.93359028672,0.0207726946746532,0.1224602119906147,0.1696281129763625,0.865302611986323,0.9998724362712248,Th1
VPS13C,6883.021848193056,-0.0257398550159641,0.1524774023219107,-0.1688109491898483,0.8659453457231479,0.9998724362712248,Th1
ASTL,29.174990090891303,0.0708518451675599,0.4206586876940118,0.1684307188708241,0.8662444431373922,0.9998724362712248,Th1
ATP6V0D1,11351.603134515151,-0.0385022204490392,0.2292447516866056,-0.1679524620117565,0.8666206775484413,0.9998724362712248,Th1
CINP,4850.282559986174,0.0222976871347384,0.1337138518816202,0.1667567482423516,0.8675614519712658,0.9998724362712248,Th1
CYBRD1,1149.064941623328,-0.0386699934773634,0.2376995556917675,-0.1626843321806965,0.870766983746654,0.9998724362712248,Th1
PLEKHA4,12.28914596634005,-0.1417692938529028,0.9031262486761558,-0.1569761636988348,0.8752636337970362,0.9998724362712248,Th1
ZER1,4922.398816113558,-0.0300647372843758,0.1927649105923679,-0.1559658196711566,0.8760599634153932,0.9998724362712248,Th1
SRP68,17207.734532294886,-0.0196339397251199,0.1293260111868227,-0.1518174073795336,0.8793309521797804,0.9998724362712248,Th1
ETV2,37.90291821124814,0.0712140392528148,0.4768727587310663,0.1493355154995888,0.8812888921507822,0.9998724362712248,Th1
SWT1,1177.395853028621,-0.0386383202263567,0.261588405154753,-0.1477065476334804,0.8825743640582568,0.9998724362712248,Th1
UBE2J2,10115.115072924928,0.0107983838754637,0.073312083740466,0.1472933699946568,0.8829004653813712,0.9998724362712248,Th1
MNX1,5.190460253900534,0.123797365692613,0.8416049480665873,0.1470967655038291,0.8830556428625473,0.9998724362712248,Th1
WASF2,8909.169209342403,0.0210469911751,0.1486498087201937,0.1415877447559797,0.8874056476710237,0.9998724362712248,Th1
NPTXR,179.03410251455847,0.0448017976338952,0.3224507055736754,0.138941540084981,0.8894963450619124,0.9998724362712248,Th1
GNGT2,3764.178626986976,-0.0223630216703509,0.1633888905729354,-0.136869903406121,0.8911336285174221,0.9998724362712248,Th1
KLK10,1.070511731021636,-0.2729393793175435,2.014750204316856,-0.1354705802896739,0.892239823332421,,Th1
TMEM198,88.59533735995291,-0.0400273400712306,0.3022624357856019,-0.1324257841276132,0.8946475214841422,0.9998724362712248,Th1
ARHGAP39,10.15629898442789,-0.0950513444614396,0.7353425063396273,-0.1292613219580958,0.8971508752271745,0.9998724362712248,Th1
ANTXR1,16.25678720647358,0.0952207143425465,0.7645901720847148,0.1245382399866844,0.9008891249083526,0.9998724362712248,Th1
ZNF304,905.4248910813944,-0.0145012969192211,0.128507151743124,-0.112844279267882,0.9101540127389608,0.9998724362712248,Th1
SH3BP5L,4781.135333053728,-0.0165270975041378,0.1610880948002576,-0.1025966414503239,0.9182831085088686,0.9998724362712248,Th1
REXO4,7100.78881511104,-0.0117782030139493,0.122453152288595,-0.0961853802357882,0.9233733418572908,0.9998724362712248,Th1
UBE2T,23493.839822844096,0.0149057953134983,0.1618648761934155,0.0920878924695627,0.926628207985628,0.9998724362712248,Th1
ANKRD36,1202.6559789366415,0.016822677635444,0.1884832219613742,0.089252918431602,0.9288809103209538,0.9998724362712248,Th1
ZNF79,512.9696582052217,-0.0179818866866741,0.2150495568375575,-0.083617408708529,0.9333606252622406,0.9998724362712248,Th1
LIMS2,1461.5739262807565,-0.0454449961308333,0.5694234001713324,-0.0798087962615507,0.936389328238076,0.9998724362712248,Th1
ZNF706,11916.381837227183,0.0108125405918242,0.1446238843514031,0.0747631737338231,0.9404031428838634,0.9998724362712248,Th1
TLN1,15332.423056405987,0.0105961731719104,0.1533895335992233,0.0690801577087793,0.944925815146759,0.9998724362712248,Th1
PCSK9,20.74438899011927,-0.0793894042067688,1.2010096659434748,-0.0661022192060403,0.9472964440469698,0.9998724362712248,Th1
ANO10,3652.061010576354,-0.0111882138952977,0.1764486996411998,-0.0634077435427318,0.94944182120607,0.9998724362712248,Th1
FGD2,174.4829898778766,-0.019680969161981,0.3275792634199004,-0.0600800214168421,0.9520919018145864,0.9998724362712248,Th1
GCC2,4650.265713367648,0.0075282147916132,0.1393670034171392,0.0540171963738116,0.9569214635186514,0.9998724362712248,Th1
NNT,5522.944632204683,-0.0081024572256697,0.173638008289718,-0.0466629242380544,0.9627818803108368,0.9998724362712248,Th1
THAP4,4529.461211748257,-0.0062465675793328,0.1352562214993807,-0.046183218118077,0.9631642182034882,0.9998724362712248,Th1
BIRC3,12234.184601305618,-0.0116833421302748,0.2827016815174887,-0.0413274589226385,0.9670348427108292,0.9998724362712248,Th1
CRIP3,18.70501690844924,-0.0141840289782212,0.4836797658383202,-0.0293252477776018,0.9766051907442144,0.9998724362712248,Th1
ATP6V1C1,6427.396519918268,-0.0062732027000392,0.2250200717565091,-0.0278784139169034,0.9777591249501252,0.9998724362712248,Th1
TCEA2,2040.5184985971391,0.0033542465292678,0.1690058964585756,0.0198469201344697,0.9841654883883604,0.9998724362712248,Th1
HDAC6,4915.227021733981,-0.0018375619288946,0.2066622512852355,-0.0088916186553993,0.992905608235912,0.9998724362712248,Th1
C5orf15,4029.524715475776,0.0008059524949011,0.112900938381203,0.007138581011434,0.9943042847999576,0.9998724362712248,Th1
PHB1,3923.4396379450063,0.0010048017330131,0.1620682413903114,0.0061998681814115,0.9950532525898732,0.9998724362712248,Th1
